{
	"parameter1": 0.20000000298023224,
	"parameter2": {
		"x": 6.199999809265137,
		"y": 0.5
	},
	"parameter3": {
		"x": 158,
		"y": 213,
		"z": 6
	}
}
