{
	"offset": {
		"x": 1.1754943508222875e-38,
		"y": 1.600000023841858,
		"z": 1.1754943508222875e-38
	},
	"sensitivity": 0.0020000000949949026
}
