{
	"offset": {
		"x": 0.0,
		"y": 1.600000023841858,
		"z": 0.10000000149011612
	},
	"sensitivity": 0.029999999329447746
}
