{
    "transform": {
        "rotate": {
            "x": 0.5299999713897705,
            "y": 0.0,
            "z": 0.0
        },
        "scale": {
            "x": 1.0,
            "y": 1.0,
            "z": 1.0
        },
        "translate": {
            "x": 0.0,
            "y": 14.239999771118164,
            "z": -28.360000610351563
        }
    }
}
