{"nodes":{"node:1":{"location":{"x":0,"y":0}}},"selection":null,"view":{"scroll":{"x":-248.168441772460938,"y":-88.6284942626953125},"visible_rect":{"max":{"x":589.20269775390625,"y":307.801605224609375},"min":{"x":-193.202194213867188,"y":-68.9983749389648438}},"zoom":1.28450107574462891}}